sequence,row,col
CCTCTATC,48,48
AGCCATGC,60,60
CTGAGCCA,72,72
CAGCGTTA,84,84
CAAGGAGC,54,54
AATGTTGC,66,66
CCTCCTGA,78,78
ATTGAGGA,90,90
CGGATTGC,49,49
ATAGCGAC,61,61
GAATCTGA,73,73
CCAGTTCA,85,85
GAACAGGC,55,55
ATTGGCTC,67,67
GAGCTGAA,79,79
CCGTGAGA,91,91
CGACACAC,50,50
AGGCTAAC,62,62
CTGGCATA,74,74
CATACCAA,86,86
CTAAGGTC,56,56
ATCATTCC,68,68
CAAGACTA,80,80
CCGAAGTA,92,92
CACCTTAC,51,51
ACACGACC,63,63
CGAACTTA,75,75
CAACCACA,87,87
CCGACAAC,57,57
AGATGTAC,69,69
CGCATACA,81,81
CAATGGAA,93,93
CCATCCTC,52,52
ACAGATTC,64,64
CGACTGGA,76,76
GACTAGTA,88,88
CCTAATCC,58,58
AGCACCTC,70,70
CTCAATGA,82,82
CACTTCGA,94,94
AGATCGCA,53,53
AGCAGGAA,65,65
AGTCACTA,77,77
ATCCTGTA,89,89
GACAGTGC,59,59
GAGTTAGC,71,71
GATGAATC,83,83
GCCAAGAC,95,95
AATCCGTC,42,42
AAGGACAC,30,30
AAGAGATC,18,18
AACTCACC,6,6
AGTGGTCA,36,36
ATGCCTAA,24,24
AAACATCG,12,12
AACGTGAT,0,0
TCCGTCTA,45,43
GCTAACGA,33,31
ACACAGAA,21,19
CATCAAGT,9,7
TAGGATGA,39,37
GCCACATA,27,25
AAGACGGA,15,13
ACATTGGC,3,1
TATCAGCA,46,44
GCGAGTAA,34,32
AAGGTACA,22,20
CAGATCTG,10,8
GTGTTCTA,40,38
GATAGACA,28,26
AACGCTTA,16,14
ACCACTGT,4,2
TGGCTTCA,43,45
GTACGCAA,31,33
ACGTATCA,19,21
AGTACAAG,7,9
TGAAGAGA,37,39
GGAGAACA,25,27
ACCTCCAA,13,15
ACAAGCTA,1,3
TGGTGGTA,44,46
GTCGTAGA,32,34
ACTATGCA,20,22
AACAACCA,8,10
TGGAACAA,38,40
GGTGCGAA,26,28
ACGCTCGA,14,16
CTGTAGCC,2,4
TCTTCACA,47,47
GCTCGGTA,35,35
ACAGCAGA,23,23
CGCTGATC,11,11
TTCACGCA,41,41
GTCTGTCA,29,29
AGAGTCAA,17,17
AACCGAGA,5,5
